station_no,building,village,search_address
2,"Panchayat Union Primary School,Kolivakkam JVVD Building East Facing",Kolivakkam,"Panchayat Union Primary School,Kolivakkam JVVD Building East Facing, Uthiramerur, Kanchipuram, Tamil Nadu, India"
3,"Govt. Higher Secondary School,Iyangarkulam North Facing",Iyangarkulam,"Govt. Higher Secondary School,Iyangarkulam North Facing, Uthiramerur, Kanchipuram, Tamil Nadu, India"
4,"Govt. Higher Secondary School,Iyangarkulam South Facing",Iyangarkulam,"Govt. Higher Secondary School,Iyangarkulam South Facing, Uthiramerur, Kanchipuram, Tamil Nadu, India"
5,"Government Higher Secondary School,Iyangarkulam Western Side North Facing",Iyangarkulam,"Government Higher Secondary School,Iyangarkulam Western Side North Facing, Uthiramerur, Kanchipuram, Tamil Nadu, India"
6,"Government Higher Secondary School,Iyyangarkulam Western Side South Facing",Iyyangarkulam,"Government Higher Secondary School,Iyyangarkulam Western Side South Facing, Uthiramerur, Kanchipuram, Tamil Nadu, India"
7,"Government Higher Secondary School , Eastern Side South Facing, Iyangarkulam - 631502",Eastern,"Government Higher Secondary School , Eastern Side South Facing, Iyangarkulam - 631502, Uthiramerur, Kanchipuram, Tamil Nadu, India"
8,"Panchayat Union Middle School,Valathottam West Facing",Valathottam,"Panchayat Union Middle School,Valathottam West Facing, Uthiramerur, Kanchipuram, Tamil Nadu, India"
9,"Government Adhithiravidar Welfare Primary School,Orikkai East Side West Facing",Orikkai,"Government Adhithiravidar Welfare Primary School,Orikkai East Side West Facing, Uthiramerur, Kanchipuram, Tamil Nadu, India"
10,"Government Adhithiravidar Welfare Primary School, East Side, West Facing Room No: 2, Orikkai - 631502",East,"Government Adhithiravidar Welfare Primary School, East Side, West Facing Room No: 2, Orikkai - 631502, Uthiramerur, Kanchipuram, Tamil Nadu, India"
11,"Government Adhithiravidar Welfare Primary School,Orikkai Additional Building South Facing",Orikkai,"Government Adhithiravidar Welfare Primary School,Orikkai Additional Building South Facing, Uthiramerur, Kanchipuram, Tamil Nadu, India"
12,"Government Adhithiravidar Welfare Primary School, Addl. Building South, Facing East side, Orikkai - 631502",Addl,"Government Adhithiravidar Welfare Primary School, Addl. Building South, Facing East side, Orikkai - 631502, Uthiramerur, Kanchipuram, Tamil Nadu, India"
13,"Government Adhithiravidar Welfare high School, East facing, Room No. 4, Orikkai - 631502",East,"Government Adhithiravidar Welfare high School, East facing, Room No. 4, Orikkai - 631502, Uthiramerur, Kanchipuram, Tamil Nadu, India"
14,"Government Adhithiravidar Welfare Primary School, Addl.Building East Facing office room, Orikkai - 631502",Addl,"Government Adhithiravidar Welfare Primary School, Addl.Building East Facing office room, Orikkai - 631502, Uthiramerur, Kanchipuram, Tamil Nadu, India"
15,"Government Adhithiravidar Welfare high School, East Facing, Orikkai - 631502",East,"Government Adhithiravidar Welfare high School, East Facing, Orikkai - 631502, Uthiramerur, Kanchipuram, Tamil Nadu, India"
16,"Government Adhithiravidar Welfare Primary School,Orikkai East Facing",Orikkai,"Government Adhithiravidar Welfare Primary School,Orikkai East Facing, Uthiramerur, Kanchipuram, Tamil Nadu, India"
17,"Panchayat Union Primary School,Chinnyankulam North Facing",Chinnyankulam,"Panchayat Union Primary School,Chinnyankulam North Facing, Uthiramerur, Kanchipuram, Tamil Nadu, India"
18,"Panchayat Union Primary School,Chinnyankulam East Facing",Chinnyankulam,"Panchayat Union Primary School,Chinnyankulam East Facing, Uthiramerur, Kanchipuram, Tamil Nadu, India"
19,"Panchayat Union Middle School , East Side Building Northern Side East Facing 1st std Room, Muthiyalpettai - 631601",East,"Panchayat Union Middle School , East Side Building Northern Side East Facing 1st std Room, Muthiyalpettai - 631601, Uthiramerur, Kanchipuram, Tamil Nadu, India"
20,"Panchayat Union Middle School , East Side Building Northern Side East Facing 3rd std Room, Muthiyalpettai - 631601",East,"Panchayat Union Middle School , East Side Building Northern Side East Facing 3rd std Room, Muthiyalpettai - 631601, Uthiramerur, Kanchipuram, Tamil Nadu, India"
21,"Panchayat Union Middle School , East Side Building Northern Side East Facing 4th std Room, Muthiyalpettai - 631601",East,"Panchayat Union Middle School , East Side Building Northern Side East Facing 4th std Room, Muthiyalpettai - 631601, Uthiramerur, Kanchipuram, Tamil Nadu, India"
22,"Panchayat Union Middle School,VIshnu Kanchi South Facing",VIshnu,"Panchayat Union Middle School,VIshnu Kanchi South Facing, Uthiramerur, Kanchipuram, Tamil Nadu, India"
23,"Panchayat Union Middle School, South Facing 7th std, VIshnu Kanchi - 631501",South,"Panchayat Union Middle School, South Facing 7th std, VIshnu Kanchi - 631501, Uthiramerur, Kanchipuram, Tamil Nadu, India"
24,"Panchayat Union Middle School, South Facing 8th std, VIshnu Kanchi - 631501",South,"Panchayat Union Middle School, South Facing 8th std, VIshnu Kanchi - 631501, Uthiramerur, Kanchipuram, Tamil Nadu, India"
25,"Aringar Anna Co operative Training Institute,Vandavasi Salai Opposite Collectorate East Facing",Vandavasi,"Aringar Anna Co operative Training Institute,Vandavasi Salai Opposite Collectorate East Facing, Uthiramerur, Kanchipuram, Tamil Nadu, India"
26,"Panchayat Union Middle School,Vishnukanchi Thenampakkam South Facing",Vishnukanchi,"Panchayat Union Middle School,Vishnukanchi Thenampakkam South Facing, Uthiramerur, Kanchipuram, Tamil Nadu, India"
27,"Panchayat Union Middle School,Vishnukanchi Thenampakkam North Facing",Vishnukanchi,"Panchayat Union Middle School,Vishnukanchi Thenampakkam North Facing, Uthiramerur, Kanchipuram, Tamil Nadu, India"
28,"Victoria Matriculation Higher Secondary School ,Arasu Nagar Orikkai South Facing Middle Room",Arasu,"Victoria Matriculation Higher Secondary School ,Arasu Nagar Orikkai South Facing Middle Room, Uthiramerur, Kanchipuram, Tamil Nadu, India"
29,"Victoria Matriculation Higher Secondary School ,Arasu Nagar Orikkai South Facing Middle Room",Arasu,"Victoria Matriculation Higher Secondary School ,Arasu Nagar Orikkai South Facing Middle Room, Uthiramerur, Kanchipuram, Tamil Nadu, India"
30,"Victoria Matriculation Higher Secondary School ,Arasu Nagar Orikkai South Facing Middle Room",Arasu,"Victoria Matriculation Higher Secondary School ,Arasu Nagar Orikkai South Facing Middle Room, Uthiramerur, Kanchipuram, Tamil Nadu, India"
31,"Victoria Matriculation Higher Secondary School, South Facing, West Side 9th std, Arasu Nagar, Orikkai - 631501",South,"Victoria Matriculation Higher Secondary School, South Facing, West Side 9th std, Arasu Nagar, Orikkai - 631501, Uthiramerur, Kanchipuram, Tamil Nadu, India"
32,"Panchayat Union Middle School,JVVD Building Vishnukanchi Thumbavanam North Facing",JVVD,"Panchayat Union Middle School,JVVD Building Vishnukanchi Thumbavanam North Facing, Uthiramerur, Kanchipuram, Tamil Nadu, India"
33,"PANCHAYAT UNION MIDDLE SCHOOL,Thenambakkam West Facing",Thenambakkam,"PANCHAYAT UNION MIDDLE SCHOOL,Thenambakkam West Facing, Uthiramerur, Kanchipuram, Tamil Nadu, India"
34,"Panchayat Union Middle School, West Facing south side, Thumbavanam - 631502",West,"Panchayat Union Middle School, West Facing south side, Thumbavanam - 631502, Uthiramerur, Kanchipuram, Tamil Nadu, India"
35,"Govt.High School for Disabled,Sadhavaram South Facing",Sadhavaram,"Govt.High School for Disabled,Sadhavaram South Facing, Uthiramerur, Kanchipuram, Tamil Nadu, India"
36,"Panchayat Union Primary School,Thenambakam East Facing North Side",Thenambakam,"Panchayat Union Primary School,Thenambakam East Facing North Side, Uthiramerur, Kanchipuram, Tamil Nadu, India"
37,"Panchayat union primary school,Erivai.south facing building",Erivai,"Panchayat union primary school,Erivai.south facing building, Uthiramerur, Kanchipuram, Tamil Nadu, India"
38,"Panchayat union primary school,Vallupakkam south facing building",Vallupakkam,"Panchayat union primary school,Vallupakkam south facing building, Uthiramerur, Kanchipuram, Tamil Nadu, India"
39,"Arinjar Anna Government Higher Secondaray School,Iyyanpet East Facing",Iyyanpet,"Arinjar Anna Government Higher Secondaray School,Iyyanpet East Facing, Uthiramerur, Kanchipuram, Tamil Nadu, India"
40,"Arinjar Anna Government Higher Secondaray School , Block 2 North Facing, Iyyanpet- 631601",Block,"Arinjar Anna Government Higher Secondaray School , Block 2 North Facing, Iyyanpet- 631601, Uthiramerur, Kanchipuram, Tamil Nadu, India"
41,"Panchayat Union Primary School , East side South Facing, Iyyanpet- 631601",East,"Panchayat Union Primary School , East side South Facing, Iyyanpet- 631601, Uthiramerur, Kanchipuram, Tamil Nadu, India"
42,"Panchayat Union Primary School , South Facing west side, Iyyanpet- 631601",South,"Panchayat Union Primary School , South Facing west side, Iyyanpet- 631601, Uthiramerur, Kanchipuram, Tamil Nadu, India"
43,"Panchayat Union Primary School,Iyyanpet South Facing",Iyyanpet,"Panchayat Union Primary School,Iyyanpet South Facing, Uthiramerur, Kanchipuram, Tamil Nadu, India"
44,"Arignar Anna Higher Secondary School , West Facing, Iyyanpet- 631601",West,"Arignar Anna Higher Secondary School , West Facing, Iyyanpet- 631601, Uthiramerur, Kanchipuram, Tamil Nadu, India"
45,"Arignar Anna Higher Secondary School , South Facing 4th std Room, Iyyanpet- 631601",South,"Arignar Anna Higher Secondary School , South Facing 4th std Room, Iyyanpet- 631601, Uthiramerur, Kanchipuram, Tamil Nadu, India"
46,"Arignar Anna Higher Secondary School , South Facing 3rd std Room, Iyyanpet- 631601",South,"Arignar Anna Higher Secondary School , South Facing 3rd std Room, Iyyanpet- 631601, Uthiramerur, Kanchipuram, Tamil Nadu, India"
47,"Panchayat Union Primary School,Thimmaiyanpet East Facing",Thimmaiyanpet,"Panchayat Union Primary School,Thimmaiyanpet East Facing, Uthiramerur, Kanchipuram, Tamil Nadu, India"
48,"Panchayat union primary school,Thimmaiyanpet East Facing",Thimmaiyanpet,"Panchayat union primary school,Thimmaiyanpet East Facing, Uthiramerur, Kanchipuram, Tamil Nadu, India"
49,"Panchayat union primary school,Thimmaiyanpet North Facing",Thimmaiyanpet,"Panchayat union primary school,Thimmaiyanpet North Facing, Uthiramerur, Kanchipuram, Tamil Nadu, India"
50,"Panchayat Union Middle School , East side South Facing, Villivalam - 631601",East,"Panchayat Union Middle School , East side South Facing, Villivalam - 631601, Uthiramerur, Kanchipuram, Tamil Nadu, India"
51,"Panchayat Union Middle School , South Facing west side, Villivalam - 631601",South,"Panchayat Union Middle School , South Facing west side, Villivalam - 631601, Uthiramerur, Kanchipuram, Tamil Nadu, India"
52,"Government Higher Secondary School , West Side AddlBuilding East Facing 3rd std room, Nayaganpet - 631601",West,"Government Higher Secondary School , West Side AddlBuilding East Facing 3rd std room, Nayaganpet - 631601, Uthiramerur, Kanchipuram, Tamil Nadu, India"
53,"Government Higher Secondary School , West Side AddlBuilding East Facing 4th std Room, Nayaganpet - 631601",West,"Government Higher Secondary School , West Side AddlBuilding East Facing 4th std Room, Nayaganpet - 631601, Uthiramerur, Kanchipuram, Tamil Nadu, India"
54,"Government Higher Secondary School , West Side AddlBuilding East Facing 2nd std Room, Nayaganpet - 631601",West,"Government Higher Secondary School , West Side AddlBuilding East Facing 2nd std Room, Nayaganpet - 631601, Uthiramerur, Kanchipuram, Tamil Nadu, India"
55,"Panchayat union Primary school , East Side South Facing, Ekanampet - 631601",East,"Panchayat union Primary school , East Side South Facing, Ekanampet - 631601, Uthiramerur, Kanchipuram, Tamil Nadu, India"
56,"Panchayat union Primary school , West Side South Facing, Ekanampet - 631601",West,"Panchayat union Primary school , West Side South Facing, Ekanampet - 631601, Uthiramerur, Kanchipuram, Tamil Nadu, India"
57,"Panchayat Union Middle School,Poosivakkam East Facing",Poosivakkam,"Panchayat Union Middle School,Poosivakkam East Facing, Uthiramerur, Kanchipuram, Tamil Nadu, India"
58,"Panchayat Union Middle School , AddlBuilding West Facing, Poosivakkam - 631601",AddlBuilding,"Panchayat Union Middle School , AddlBuilding West Facing, Poosivakkam - 631601, Uthiramerur, Kanchipuram, Tamil Nadu, India"
59,"CSI Primary School , east Side South Facing, Thimmarajampet - 631601",east,"CSI Primary School , east Side South Facing, Thimmarajampet - 631601, Uthiramerur, Kanchipuram, Tamil Nadu, India"
60,"CSI Primary School , West Side South Facing, Thimmarajampet - 631601",West,"CSI Primary School , West Side South Facing, Thimmarajampet - 631601, Uthiramerur, Kanchipuram, Tamil Nadu, India"
61,"Panchayat Union Primary School , East side North Facing, Seeyamangalam - 631601",East,"Panchayat Union Primary School , East side North Facing, Seeyamangalam - 631601, Uthiramerur, Kanchipuram, Tamil Nadu, India"
62,"Panchayat Union Primary School , West side North Facing, Seeyamangalam - 631601",West,"Panchayat Union Primary School , West side North Facing, Seeyamangalam - 631601, Uthiramerur, Kanchipuram, Tamil Nadu, India"
63,"Panchayat Union Primary School,Keelotivakkam West Facing",Keelotivakkam,"Panchayat Union Primary School,Keelotivakkam West Facing, Uthiramerur, Kanchipuram, Tamil Nadu, India"
64,"Panchayat Union Middle School,Keelotivakkam West Facing",Keelotivakkam,"Panchayat Union Middle School,Keelotivakkam West Facing, Uthiramerur, Kanchipuram, Tamil Nadu, India"
65,"V.S.Aranganathan Government High School , East side South Facing, Uthukkadu - 631601",East,"V.S.Aranganathan Government High School , East side South Facing, Uthukkadu - 631601, Uthiramerur, Kanchipuram, Tamil Nadu, India"
66,"V.S.Aranganathan Government Higher Secondary School , West side South Facing, Uthukkadu - 631601",West,"V.S.Aranganathan Government Higher Secondary School , West side South Facing, Uthukkadu - 631601, Uthiramerur, Kanchipuram, Tamil Nadu, India"
67,"V.S.Aranganathan High. School,Uthukkadu North Facing",Uthukkadu,"V.S.Aranganathan High. School,Uthukkadu North Facing, Uthiramerur, Kanchipuram, Tamil Nadu, India"
68,"Panchayat Union Primary School,Kidiripet North Facing",Kidiripet,"Panchayat Union Primary School,Kidiripet North Facing, Uthiramerur, Kanchipuram, Tamil Nadu, India"
69,"Panchayat Union Elementary School,Kidiripet North Facing",Kidiripet,"Panchayat Union Elementary School,Kidiripet North Facing, Uthiramerur, Kanchipuram, Tamil Nadu, India"
70,"Panchayat Union Middle school , East Side Building North Facing, Puthagaram - 631561",East,"Panchayat Union Middle school , East Side Building North Facing, Puthagaram - 631561, Uthiramerur, Kanchipuram, Tamil Nadu, India"
71,"Panchayat Union Middle school , west Side Building North Facing, Puthagaram - 631561",west,"Panchayat Union Middle school , west Side Building North Facing, Puthagaram - 631561, Uthiramerur, Kanchipuram, Tamil Nadu, India"
72,"Panchayat Union Primary school,Marutham South Facing",Marutham,"Panchayat Union Primary school,Marutham South Facing, Uthiramerur, Kanchipuram, Tamil Nadu, India"
73,"R.C.M. Middle School, Computer Room Side,Ottanthangal North Facing",Computer,"R.C.M. Middle School, Computer Room Side,Ottanthangal North Facing, Uthiramerur, Kanchipuram, Tamil Nadu, India"
74,"Panchayath Union Primary school,Naiyakkankuppam East Facing",Naiyakkankuppam,"Panchayath Union Primary school,Naiyakkankuppam East Facing, Uthiramerur, Kanchipuram, Tamil Nadu, India"
75,"Government Higher Secondaray School , New Building North Facing East side, Thenneri - 631604",New,"Government Higher Secondaray School , New Building North Facing East side, Thenneri - 631604, Uthiramerur, Kanchipuram, Tamil Nadu, India"
76,"Government Higher Secondaray School , New Building North Facing west side, Thenneri - 631604",New,"Government Higher Secondaray School , New Building North Facing west side, Thenneri - 631604, Uthiramerur, Kanchipuram, Tamil Nadu, India"
77,"GOVT.HIGHER SECONDARY SCHOOL,Thenneri East Facing",Thenneri,"GOVT.HIGHER SECONDARY SCHOOL,Thenneri East Facing, Uthiramerur, Kanchipuram, Tamil Nadu, India"
78,"SGRY Builiding,Sooramenikuppam North Facing",Sooramenikuppam,"SGRY Builiding,Sooramenikuppam North Facing, Uthiramerur, Kanchipuram, Tamil Nadu, India"
79,"Panchayat Union Primary School,Kattavakkam West Facing",Kattavakkam,"Panchayat Union Primary School,Kattavakkam West Facing, Uthiramerur, Kanchipuram, Tamil Nadu, India"
80,"Panchayat Union Primary School,Kattavakkam South Facing",Kattavakkam,"Panchayat Union Primary School,Kattavakkam South Facing, Uthiramerur, Kanchipuram, Tamil Nadu, India"
81,"Panchayat Union Middle School,Ayimicheri South Facing",Ayimicheri,"Panchayat Union Middle School,Ayimicheri South Facing, Uthiramerur, Kanchipuram, Tamil Nadu, India"
82,"Panchayat Union Middle School,Ayimicheri North Facing",Ayimicheri,"Panchayat Union Middle School,Ayimicheri North Facing, Uthiramerur, Kanchipuram, Tamil Nadu, India"
83,"Panchayat Union Primary School,Thiruvangaranai South Facing",Thiruvangaranai,"Panchayat Union Primary School,Thiruvangaranai South Facing, Uthiramerur, Kanchipuram, Tamil Nadu, India"
84,"Panchayat Union Middle School,Kunnavakkam East Facing",Kunnavakkam,"Panchayat Union Middle School,Kunnavakkam East Facing, Uthiramerur, Kanchipuram, Tamil Nadu, India"
85,"Panchayat Union Middle School,Kunnavakkam North Facing",Kunnavakkam,"Panchayat Union Middle School,Kunnavakkam North Facing, Uthiramerur, Kanchipuram, Tamil Nadu, India"
86,"Panchayat Union Primary School,Agaram South Facing",Agaram,"Panchayat Union Primary School,Agaram South Facing, Uthiramerur, Kanchipuram, Tamil Nadu, India"
87,"Panchayat Union Primary School,Agaram West Facing",Agaram,"Panchayat Union Primary School,Agaram West Facing, Uthiramerur, Kanchipuram, Tamil Nadu, India"
88,"Panchayat Union Primary School , East side South Facing, Varanavasi - 631604",East,"Panchayat Union Primary School , East side South Facing, Varanavasi - 631604, Uthiramerur, Kanchipuram, Tamil Nadu, India"
89,"Panchayat Union Primary School , west side South Facing, Varanavasi - 631604",west,"Panchayat Union Primary School , west side South Facing, Varanavasi - 631604, Uthiramerur, Kanchipuram, Tamil Nadu, India"
90,"Aditravida Middle School, East Facing, Thayampattu - 631604",East,"Aditravida Middle School, East Facing, Thayampattu - 631604, Uthiramerur, Kanchipuram, Tamil Nadu, India"
91,"Panchayat Union Primary School,Thollazhi North Facing",Thollazhi,"Panchayat Union Primary School,Thollazhi North Facing, Uthiramerur, Kanchipuram, Tamil Nadu, India"
92,"Panchayat Union Primary School,Venbakkam East Facing",Venbakkam,"Panchayat Union Primary School,Venbakkam East Facing, Uthiramerur, Kanchipuram, Tamil Nadu, India"
93,"Panchayat Union Primary School,Devariyambakkam West Facing",Devariyambakkam,"Panchayat Union Primary School,Devariyambakkam West Facing, Uthiramerur, Kanchipuram, Tamil Nadu, India"
94,"Panchayat Union Middle School, East side North Facing, Ullavoor - 631606",East,"Panchayat Union Middle School, East side North Facing, Ullavoor - 631606, Uthiramerur, Kanchipuram, Tamil Nadu, India"
95,"Panchayat Union Middle School , West side North Facing, Ullavoor - 631606",West,"Panchayat Union Middle School , West side North Facing, Ullavoor - 631606, Uthiramerur, Kanchipuram, Tamil Nadu, India"
96,"Panchayat Union Middle School , East side North Facing, Angambakkam - 631605",East,"Panchayat Union Middle School , East side North Facing, Angambakkam - 631605, Uthiramerur, Kanchipuram, Tamil Nadu, India"
97,"Panchayat Union Middle School , west side North Facing, Angambakkam - 631605",west,"Panchayat Union Middle School , west side North Facing, Angambakkam - 631605, Uthiramerur, Kanchipuram, Tamil Nadu, India"
98,"Panchayat Union Middle School , East side North Facing, Thammanur - 631605",East,"Panchayat Union Middle School , East side North Facing, Thammanur - 631605, Uthiramerur, Kanchipuram, Tamil Nadu, India"
99,"Panchayat Union Middle School , west side North Facing, Thammanur - 631605",west,"Panchayat Union Middle School , west side North Facing, Thammanur - 631605, Uthiramerur, Kanchipuram, Tamil Nadu, India"
100,"Panchayat Union Middle School,Thammanur South Facing",Thammanur,"Panchayat Union Middle School,Thammanur South Facing, Uthiramerur, Kanchipuram, Tamil Nadu, India"
101,"Govt. Hr.Sec.School,Avalur North facing",Avalur,"Govt. Hr.Sec.School,Avalur North facing, Uthiramerur, Kanchipuram, Tamil Nadu, India"
102,"Government Higher Secondary School, North Facing, Avalur - 631605",North,"Government Higher Secondary School, North Facing, Avalur - 631605, Uthiramerur, Kanchipuram, Tamil Nadu, India"
103,"Govt.Hr.Sec.School,Avalur South Facing",Avalur,"Govt.Hr.Sec.School,Avalur South Facing, Uthiramerur, Kanchipuram, Tamil Nadu, India"
104,"Panchayat Union Middle school, North side West Facing, Pazhayaseevaram - 631606",North,"Panchayat Union Middle school, North side West Facing, Pazhayaseevaram - 631606, Uthiramerur, Kanchipuram, Tamil Nadu, India"
105,"Panchayat Union Middle school, South side West Facing, Pazhayaseevaram - 631606",South,"Panchayat Union Middle school, South side West Facing, Pazhayaseevaram - 631606, Uthiramerur, Kanchipuram, Tamil Nadu, India"
106,"Panchayat Union Middle school,Pazhayaseevaram East Facing",Pazhayaseevaram,"Panchayat Union Middle school,Pazhayaseevaram East Facing, Uthiramerur, Kanchipuram, Tamil Nadu, India"
107,"Panchayat Union Middle school,Pazhayaseevaram West Facing",Pazhayaseevaram,"Panchayat Union Middle school,Pazhayaseevaram West Facing, Uthiramerur, Kanchipuram, Tamil Nadu, India"
108,"Panchayat Union Middle School,Sankarapuram South Facing",Sankarapuram,"Panchayat Union Middle School,Sankarapuram South Facing, Uthiramerur, Kanchipuram, Tamil Nadu, India"
109,"Panchayat Union Middle School,Sankarapuram North Facing",Sankarapuram,"Panchayat Union Middle School,Sankarapuram North Facing, Uthiramerur, Kanchipuram, Tamil Nadu, India"
110,"Panchayat Union Middle school,Sankarapuram North Facing",Sankarapuram,"Panchayat Union Middle school,Sankarapuram North Facing, Uthiramerur, Kanchipuram, Tamil Nadu, India"
111,"Panchayat Union Primary School, North side East Facing, Nathanallur - 631605",North,"Panchayat Union Primary School, North side East Facing, Nathanallur - 631605, Uthiramerur, Kanchipuram, Tamil Nadu, India"
112,"Panchayat Union Primary School , south side East Facing, Nathanallur - 631605",south,"Panchayat Union Primary School , south side East Facing, Nathanallur - 631605, Uthiramerur, Kanchipuram, Tamil Nadu, India"
113,"Kannabiran Trust Middle school , East side South Facing, Puliyambakkam - 631605",East,"Kannabiran Trust Middle school , East side South Facing, Puliyambakkam - 631605, Uthiramerur, Kanchipuram, Tamil Nadu, India"
114,"Kannabiran Trust Middle school , west side South Facing, Puliyambakkam - 631605",west,"Kannabiran Trust Middle school , west side South Facing, Puliyambakkam - 631605, Uthiramerur, Kanchipuram, Tamil Nadu, India"
115,"Arinjar Anna Government Higher secondary school,Walajabad West Facing",Walajabad,"Arinjar Anna Government Higher secondary school,Walajabad West Facing, Uthiramerur, Kanchipuram, Tamil Nadu, India"
116,"Arinjar Anna Government Higher secondary school,Walajabad West Facing",Walajabad,"Arinjar Anna Government Higher secondary school,Walajabad West Facing, Uthiramerur, Kanchipuram, Tamil Nadu, India"
117,"Danasekara Sastha Aided Middle School,East Facing, Walajabad East Facing,Walajapath East Facing",East,"Danasekara Sastha Aided Middle School,East Facing, Walajabad East Facing,Walajapath East Facing, Uthiramerur, Kanchipuram, Tamil Nadu, India"
118,"Danasekara Sastha Aided Middle School,East Facing, Walajabad East Facing,Walajapath East Facing",East,"Danasekara Sastha Aided Middle School,East Facing, Walajabad East Facing,Walajapath East Facing, Uthiramerur, Kanchipuram, Tamil Nadu, India"
119,"Danasekara sasvatha nithi uthavi school,Walajabath East Facing",Walajabath,"Danasekara sasvatha nithi uthavi school,Walajabath East Facing, Uthiramerur, Kanchipuram, Tamil Nadu, India"
120,"W.T. Masilamani Mudaliar Primary school,Walajabad North Facing",Walajabad,"W.T. Masilamani Mudaliar Primary school,Walajabad North Facing, Uthiramerur, Kanchipuram, Tamil Nadu, India"
121,"W.T. Masilamani Mudaliar Primary school , Anganvadi Maiyam North Facing, Walajabad Raja st - 631605",Anganvadi,"W.T. Masilamani Mudaliar Primary school , Anganvadi Maiyam North Facing, Walajabad Raja st - 631605, Uthiramerur, Kanchipuram, Tamil Nadu, India"
122,"RCM. High school , North side East facing, Walajabad Nehru nagar - 631605",North,"RCM. High school , North side East facing, Walajabad Nehru nagar - 631605, Uthiramerur, Kanchipuram, Tamil Nadu, India"
123,"RCM. High school , south side East facing, Walajabad Nehru nagar - 631605",south,"RCM. High school , south side East facing, Walajabad Nehru nagar - 631605, Uthiramerur, Kanchipuram, Tamil Nadu, India"
124,"Panchayat Union Primary School,Vallapakkam South Facing",Vallapakkam,"Panchayat Union Primary School,Vallapakkam South Facing, Uthiramerur, Kanchipuram, Tamil Nadu, India"
125,"Panchayat Union Primary School,DharmarajaKoil Street, Walajabad South Facing",DharmarajaKoil,"Panchayat Union Primary School,DharmarajaKoil Street, Walajabad South Facing, Uthiramerur, Kanchipuram, Tamil Nadu, India"
126,"Panchayat Union Primary School,Walajabad south Facing",Walajabad,"Panchayat Union Primary School,Walajabad south Facing, Uthiramerur, Kanchipuram, Tamil Nadu, India"
127,"Panchayat Union Primary school , Additional building North side West Facing, Cherkkadu - 631605",Additional,"Panchayat Union Primary school , Additional building North side West Facing, Cherkkadu - 631605, Uthiramerur, Kanchipuram, Tamil Nadu, India"
128,"Panchayat Union Primary school , Additional building South side West Facing, Cherkkadu - 631605",Additional,"Panchayat Union Primary school , Additional building South side West Facing, Cherkkadu - 631605, Uthiramerur, Kanchipuram, Tamil Nadu, India"
129,"Panchayat Union Primary school , New Building North Facing, Nelveli - 631603",New,"Panchayat Union Primary school , New Building North Facing, Nelveli - 631603, Uthiramerur, Kanchipuram, Tamil Nadu, India"
130,"Panchayat Union Middle School , East side South Facing, Kambarajapuram - 631603",East,"Panchayat Union Middle School , East side South Facing, Kambarajapuram - 631603, Uthiramerur, Kanchipuram, Tamil Nadu, India"
131,"Panchayat Union Middle School , west side South Facing, Kambarajapuram - 631603",west,"Panchayat Union Middle School , west side South Facing, Kambarajapuram - 631603, Uthiramerur, Kanchipuram, Tamil Nadu, India"
132,"Anganwadi Building, East facing, Elayanarvellore - 631603",East,"Anganwadi Building, East facing, Elayanarvellore - 631603, Uthiramerur, Kanchipuram, Tamil Nadu, India"
133,"Government Adi Dravidar Welfare Primary School , East Side building South Facing, Asoor - 631605",East,"Government Adi Dravidar Welfare Primary School , East Side building South Facing, Asoor - 631605, Uthiramerur, Kanchipuram, Tamil Nadu, India"
134,"Government Adi Dravidar Welfare Primary School, west side building South Facing, Asoor - 631605",west,"Government Adi Dravidar Welfare Primary School, west side building South Facing, Asoor - 631605, Uthiramerur, Kanchipuram, Tamil Nadu, India"
135,"Panchayat Union Primary School,Kelperamanallur North Facing",Kelperamanallur,"Panchayat Union Primary School,Kelperamanallur North Facing, Uthiramerur, Kanchipuram, Tamil Nadu, India"
136,"Panchayat Union Primary School , West Facing, Kelperamanallur - 603405",West,"Panchayat Union Primary School , West Facing, Kelperamanallur - 603405, Uthiramerur, Kanchipuram, Tamil Nadu, India"
137,"Panchayat Union Primary School,Kalur East Facing",Kalur,"Panchayat Union Primary School,Kalur East Facing, Uthiramerur, Kanchipuram, Tamil Nadu, India"
138,"Panchayat Union Primary School,Kalur East Facing",Kalur,"Panchayat Union Primary School,Kalur East Facing, Uthiramerur, Kanchipuram, Tamil Nadu, India"
139,"Panchayat Union Primary School,Kalur North Facing",Kalur,"Panchayat Union Primary School,Kalur North Facing, Uthiramerur, Kanchipuram, Tamil Nadu, India"
140,"Panchayat union middle school, East facing 1st std Room, Bajanai Koil Street, Kurivimalai - 631601",East,"Panchayat union middle school, East facing 1st std Room, Bajanai Koil Street, Kurivimalai - 631601, Uthiramerur, Kanchipuram, Tamil Nadu, India"
141,"Panchayat union middle school, East facing 3rd std room, Bajanai Koil Street, Kurivimalai - 631601",East,"Panchayat union middle school, East facing 3rd std room, Bajanai Koil Street, Kurivimalai - 631601, Uthiramerur, Kanchipuram, Tamil Nadu, India"
142,"Panchayat Union Middle School,Kalakkattur East Facing",Kalakkattur,"Panchayat Union Middle School,Kalakkattur East Facing, Uthiramerur, Kanchipuram, Tamil Nadu, India"
143,"Panchayat Union Middle School,,Kalakkattur East Facing",Kalakkattur,"Panchayat Union Middle School,,Kalakkattur East Facing, Uthiramerur, Kanchipuram, Tamil Nadu, India"
144,"Panchayat Union Middle School,Kalakkattur West Facing",Kalakkattur,"Panchayat Union Middle School,Kalakkattur West Facing, Uthiramerur, Kanchipuram, Tamil Nadu, India"
145,"Govt. Higher secondary school,Arpakkam North Facing",Arpakkam,"Govt. Higher secondary school,Arpakkam North Facing, Uthiramerur, Kanchipuram, Tamil Nadu, India"
146,"Government Higher Secondary School , East side North Facing, Arpakkam - 631603",East,"Government Higher Secondary School , East side North Facing, Arpakkam - 631603, Uthiramerur, Kanchipuram, Tamil Nadu, India"
147,"Government Higher Secondary School, West side North Facing, Arpakkam - 631603",West,"Government Higher Secondary School, West side North Facing, Arpakkam - 631603, Uthiramerur, Kanchipuram, Tamil Nadu, India"
148,"Panchayat Union Middle School,MAGARAL south Facing",MAGARAL,"Panchayat Union Middle School,MAGARAL south Facing, Uthiramerur, Kanchipuram, Tamil Nadu, India"
149,"Panchayat Union Middle School,MAGARAL south Facing",MAGARAL,"Panchayat Union Middle School,MAGARAL south Facing, Uthiramerur, Kanchipuram, Tamil Nadu, India"
150,"Panchayat Union Middle School,MAGARAL North Facing",MAGARAL,"Panchayat Union Middle School,MAGARAL North Facing, Uthiramerur, Kanchipuram, Tamil Nadu, India"
151,"Panchayat Union Middle School , North side West Facing, Kavanthandalam - 631603",North,"Panchayat Union Middle School , North side West Facing, Kavanthandalam - 631603, Uthiramerur, Kanchipuram, Tamil Nadu, India"
152,"Panchayat Union Middle School , south side West Facing, Kavanthandalam - 631603",south,"Panchayat Union Middle School , south side West Facing, Kavanthandalam - 631603, Uthiramerur, Kanchipuram, Tamil Nadu, India"
153,"Panchayat union primary school, New Building East Side North Facing, Athavapakkam - 631603",New,"Panchayat union primary school, New Building East Side North Facing, Athavapakkam - 631603, Uthiramerur, Kanchipuram, Tamil Nadu, India"
154,"Panchayat union primary school, New Building West Side North Facing, Athavapakkam - 631603",New,"Panchayat union primary school, New Building West Side North Facing, Athavapakkam - 631603, Uthiramerur, Kanchipuram, Tamil Nadu, India"
155,"Panchayat union primary school,Kannikulam North Facing",Kannikulam,"Panchayat union primary school,Kannikulam North Facing, Uthiramerur, Kanchipuram, Tamil Nadu, India"
156,"Panchayat Union Middle School, East Side, North Facing, Karuveppampoondi - 631603",East,"Panchayat Union Middle School, East Side, North Facing, Karuveppampoondi - 631603, Uthiramerur, Kanchipuram, Tamil Nadu, India"
157,"Panchayat Union Middle School, West Side, North Facing, Karuveppampoondi - 631603",West,"Panchayat Union Middle School, West Side, North Facing, Karuveppampoondi - 631603, Uthiramerur, Kanchipuram, Tamil Nadu, India"
158,"Panchayat union primary school,Chilambakkam West Facing",Chilambakkam,"Panchayat union primary school,Chilambakkam West Facing, Uthiramerur, Kanchipuram, Tamil Nadu, India"
159,"Panchayat union primary school,Ozhukarai South Facing",Ozhukarai,"Panchayat union primary school,Ozhukarai South Facing, Uthiramerur, Kanchipuram, Tamil Nadu, India"
160,"Panchayat Union Middle School, North Side, East Facing, Azhisoor-631506",North,"Panchayat Union Middle School, North Side, East Facing, Azhisoor-631506, Uthiramerur, Kanchipuram, Tamil Nadu, India"
161,"Panchayat Union Middle School, South Side, East Facing, Azhisoor - 631506",South,"Panchayat Union Middle School, South Side, East Facing, Azhisoor - 631506, Uthiramerur, Kanchipuram, Tamil Nadu, India"
162,"Panchayat Union Primary School,Anumanthandalam East Facing",Anumanthandalam,"Panchayat Union Primary School,Anumanthandalam East Facing, Uthiramerur, Kanchipuram, Tamil Nadu, India"
163,"Panchayat Union Primary School,Melpakkam South Facing",Melpakkam,"Panchayat Union Primary School,Melpakkam South Facing, Uthiramerur, Kanchipuram, Tamil Nadu, India"
164,"Panchayat Union Middle School,Elanagar East Facing",Elanagar,"Panchayat Union Middle School,Elanagar East Facing, Uthiramerur, Kanchipuram, Tamil Nadu, India"
165,"Panchayat Union Middle School,Elanagar South Facing",Elanagar,"Panchayat Union Middle School,Elanagar South Facing, Uthiramerur, Kanchipuram, Tamil Nadu, India"
166,"Government Higher secondary school, North Facing, Perunagar - 603403",North,"Government Higher secondary school, North Facing, Perunagar - 603403, Uthiramerur, Kanchipuram, Tamil Nadu, India"
167,"Government Higher secondary school , West Facing-Class12D Building, Perunagar - 603403",West,"Government Higher secondary school , West Facing-Class12D Building, Perunagar - 603403, Uthiramerur, Kanchipuram, Tamil Nadu, India"
168,"Government Higher secondary school, West Facing-Class12C, Perunagar - 603403",West,"Government Higher secondary school, West Facing-Class12C, Perunagar - 603403, Uthiramerur, Kanchipuram, Tamil Nadu, India"
169,"Government Higher secondary school , west Facing Class 2 , Perunagar - 603403",west,"Government Higher secondary school , west Facing Class 2 , Perunagar - 603403, Uthiramerur, Kanchipuram, Tamil Nadu, India"
170,"Government Higher secondary school , West Facing class4B sec , Perunagar - 603403",West,"Government Higher secondary school , West Facing class4B sec , Perunagar - 603403, Uthiramerur, Kanchipuram, Tamil Nadu, India"
171,"Government Higher secondary school , West Facing Class 4A sec , Perunagar - 603403",West,"Government Higher secondary school , West Facing Class 4A sec , Perunagar - 603403, Uthiramerur, Kanchipuram, Tamil Nadu, India"
172,"R.C.Middle School, , North Side, West Facing, Manamathi Kandigai - 603403",North,"R.C.Middle School, , North Side, West Facing, Manamathi Kandigai - 603403, Uthiramerur, Kanchipuram, Tamil Nadu, India"
173,"R.C.Middle School, , South Side, West Facing, Manamathi Kandigai - 603403",South,"R.C.Middle School, , South Side, West Facing, Manamathi Kandigai - 603403, Uthiramerur, Kanchipuram, Tamil Nadu, India"
174,"Panchayat union primary school, North side East Facing , Manampathy - 603403",North,"Panchayat union primary school, North side East Facing , Manampathy - 603403, Uthiramerur, Kanchipuram, Tamil Nadu, India"
175,"Panchayat union primary school, south side East Facing , Manampathy - 603403",south,"Panchayat union primary school, south side East Facing , Manampathy - 603403, Uthiramerur, Kanchipuram, Tamil Nadu, India"
176,"Panchayat union primary school, Main Building East Facing, Manamathi - 603403",Main,"Panchayat union primary school, Main Building East Facing, Manamathi - 603403, Uthiramerur, Kanchipuram, Tamil Nadu, India"
177,"Panchayat union primary school,Manampathi West Facing",Manampathi,"Panchayat union primary school,Manampathi West Facing, Uthiramerur, Kanchipuram, Tamil Nadu, India"
178,"Panchayat Union Middle school,Visoor East Facing",Visoor,"Panchayat Union Middle school,Visoor East Facing, Uthiramerur, Kanchipuram, Tamil Nadu, India"
179,"Panchayat Union Middle school,Visoor South Facing",Visoor,"Panchayat Union Middle school,Visoor South Facing, Uthiramerur, Kanchipuram, Tamil Nadu, India"
180,"Panchayat union primary school,Thandarai East Facing",Thandarai,"Panchayat union primary school,Thandarai East Facing, Uthiramerur, Kanchipuram, Tamil Nadu, India"
181,"Panchayat union primary school,Thandarai West Facing",Thandarai,"Panchayat union primary school,Thandarai West Facing, Uthiramerur, Kanchipuram, Tamil Nadu, India"
182,"Panchayat Union Primary school , North Side west Facing , Ravathanallur - 603402",North,"Panchayat Union Primary school , North Side west Facing , Ravathanallur - 603402, Uthiramerur, Kanchipuram, Tamil Nadu, India"
183,"Panchayat Union Primary school, West Side, North Facing, Ravathanallur - 603403",West,"Panchayat Union Primary school, West Side, North Facing, Ravathanallur - 603403, Uthiramerur, Kanchipuram, Tamil Nadu, India"
184,"St.Joseph High School. South Facing Building East Wing ,Ravanathallur Kandigai - 603403",Ravanathallur,"St.Joseph High School. South Facing Building East Wing ,Ravanathallur Kandigai - 603403, Uthiramerur, Kanchipuram, Tamil Nadu, India"
185,"St.Joseph High School. South Facing Building West Wing ,Ravanathallur Kandigai - 603403",Ravanathallur,"St.Joseph High School. South Facing Building West Wing ,Ravanathallur Kandigai - 603403, Uthiramerur, Kanchipuram, Tamil Nadu, India"
186,"Village Service Centre building, West facing south side, Nonampoondi - 603402",West,"Village Service Centre building, West facing south side, Nonampoondi - 603402, Uthiramerur, Kanchipuram, Tamil Nadu, India"
187,"Village Service Centre building, West facing North side, Nonampoondi - 603402",West,"Village Service Centre building, West facing North side, Nonampoondi - 603402, Uthiramerur, Kanchipuram, Tamil Nadu, India"
188,"Panchayat union primary school, North Facing, Ammaiyappanallur - 603402",North,"Panchayat union primary school, North Facing, Ammaiyappanallur - 603402, Uthiramerur, Kanchipuram, Tamil Nadu, India"
189,"Panchayat Union Middle School,Pennalur South Facing",Pennalur,"Panchayat Union Middle School,Pennalur South Facing, Uthiramerur, Kanchipuram, Tamil Nadu, India"
190,"Panchayat Union Middle school, , North Side, West Facing, Arasanimangalam - 603406",North,"Panchayat Union Middle school, , North Side, West Facing, Arasanimangalam - 603406, Uthiramerur, Kanchipuram, Tamil Nadu, India"
191,"Panchayat Union Middle school, , South Side, West Facing, Arasanimangalam - 603406",South,"Panchayat Union Middle school, , South Side, West Facing, Arasanimangalam - 603406, Uthiramerur, Kanchipuram, Tamil Nadu, India"
192,"Panchayat union primary school, East side South Facing , Menalur - 603406",East,"Panchayat union primary school, East side South Facing , Menalur - 603406, Uthiramerur, Kanchipuram, Tamil Nadu, India"
193,"Panchayat union primary school, west side South Facing , Menalur - 603406",west,"Panchayat union primary school, west side South Facing , Menalur - 603406, Uthiramerur, Kanchipuram, Tamil Nadu, India"
194,"Panchayat Union Primary School,Kattupakkam West Facing",Kattupakkam,"Panchayat Union Primary School,Kattupakkam West Facing, Uthiramerur, Kanchipuram, Tamil Nadu, India"
195,"Panchayat union primary school, West Facing North side, Athiyur Melthuli - 603406",West,"Panchayat union primary school, West Facing North side, Athiyur Melthuli - 603406, Uthiramerur, Kanchipuram, Tamil Nadu, India"
196,"Panchayat union primary school,Athiyur Melthuli West Facing",Athiyur,"Panchayat union primary school,Athiyur Melthuli West Facing, Uthiramerur, Kanchipuram, Tamil Nadu, India"
197,"Panchayat Union Middle School,Agaramthuli North Facing",Agaramthuli,"Panchayat Union Middle School,Agaramthuli North Facing, Uthiramerur, Kanchipuram, Tamil Nadu, India"
198,"Government Higher Secondary School, , North Side, East Facing, Kammalampoondi - 603406",North,"Government Higher Secondary School, , North Side, East Facing, Kammalampoondi - 603406, Uthiramerur, Kanchipuram, Tamil Nadu, India"
199,"Government Higher Secondary School, ,South Side, East Facing, Kammalampoondi - 603406",South,"Government Higher Secondary School, ,South Side, East Facing, Kammalampoondi - 603406, Uthiramerur, Kanchipuram, Tamil Nadu, India"
200,"Panchayat Union Primary school,Nanchipuram South Facing",Nanchipuram,"Panchayat Union Primary school,Nanchipuram South Facing, Uthiramerur, Kanchipuram, Tamil Nadu, India"
201,"Panchayat Union Primary school,,Kattiyampanthal,South Facing",Kattiyampanthal,"Panchayat Union Primary school,,Kattiyampanthal,South Facing, Uthiramerur, Kanchipuram, Tamil Nadu, India"
202,"Panchayat union Building, South Facing, Sirunkozhi - 603406",South,"Panchayat union Building, South Facing, Sirunkozhi - 603406, Uthiramerur, Kanchipuram, Tamil Nadu, India"
203,"R.C.Mission School,,Perunkozhi West side South Facing",Perunkozhi,"R.C.Mission School,,Perunkozhi West side South Facing, Uthiramerur, Kanchipuram, Tamil Nadu, India"
204,"Panchayat union primary school , North Facing, Puliyur - 603406",North,"Panchayat union primary school , North Facing, Puliyur - 603406, Uthiramerur, Kanchipuram, Tamil Nadu, India"
205,"Panchayat Union Middle School, North side, West Facing, Kavanoor Puducheri 603404",North,"Panchayat Union Middle School, North side, West Facing, Kavanoor Puducheri 603404, Uthiramerur, Kanchipuram, Tamil Nadu, India"
206,"Panchayat Union Middle School, South side, West Facing, Kavanoor Puducheri - 603404",South,"Panchayat Union Middle School, South side, West Facing, Kavanoor Puducheri - 603404, Uthiramerur, Kanchipuram, Tamil Nadu, India"
207,"R.C primary school,Ongoor South Facing",Ongoor,"R.C primary school,Ongoor South Facing, Uthiramerur, Kanchipuram, Tamil Nadu, India"
208,"Panchayat Union Primary school, West Side, North Facing, Neeradi - 603406",West,"Panchayat Union Primary school, West Side, North Facing, Neeradi - 603406, Uthiramerur, Kanchipuram, Tamil Nadu, India"
209,"Panchayat Union Primary school, East Side, North Facing, Neeradi - 603406",East,"Panchayat Union Primary school, East Side, North Facing, Neeradi - 603406, Uthiramerur, Kanchipuram, Tamil Nadu, India"
210,"Panchayat Union Middle School, East side South Facing, Vedapalayam - 603406",East,"Panchayat Union Middle School, East side South Facing, Vedapalayam - 603406, Uthiramerur, Kanchipuram, Tamil Nadu, India"
211,"Panchayat Union Middle School, West side South Facing, Vedapalayam - 603406",West,"Panchayat Union Middle School, West side South Facing, Vedapalayam - 603406, Uthiramerur, Kanchipuram, Tamil Nadu, India"
212,"Panchayat union primary school , North Facing East Wing , Kaliyampoondi - 603406",North,"Panchayat union primary school , North Facing East Wing , Kaliyampoondi - 603406, Uthiramerur, Kanchipuram, Tamil Nadu, India"
213,"Panchayat union primary school , North Facing West Wing , Kaliyampoondi - 603406",North,"Panchayat union primary school , North Facing West Wing , Kaliyampoondi - 603406, Uthiramerur, Kanchipuram, Tamil Nadu, India"
214,"Panchayat Union Primary school,Andithangal North Facing",Andithangal,"Panchayat Union Primary school,Andithangal North Facing, Uthiramerur, Kanchipuram, Tamil Nadu, India"
215,"Panchayat Union Primary school,Thinayampoondi West Facing",Thinayampoondi,"Panchayat Union Primary school,Thinayampoondi West Facing, Uthiramerur, Kanchipuram, Tamil Nadu, India"
216,"Balarnesan Middle school , West Side South Facing , Uthiramerur - 603406",West,"Balarnesan Middle school , West Side South Facing , Uthiramerur - 603406, Uthiramerur, Kanchipuram, Tamil Nadu, India"
217,"Balarnesan Middle school , East Side South Facing , Uthiramerur - 603406",East,"Balarnesan Middle school , East Side South Facing , Uthiramerur - 603406, Uthiramerur, Kanchipuram, Tamil Nadu, India"
218,"Panchayat union primary school , North Side East Facing , Uthiramerur - 603406",North,"Panchayat union primary school , North Side East Facing , Uthiramerur - 603406, Uthiramerur, Kanchipuram, Tamil Nadu, India"
219,"Panchayat union primary school , South Side East Facing , Uthiramerur - 603406",South,"Panchayat union primary school , South Side East Facing , Uthiramerur - 603406, Uthiramerur, Kanchipuram, Tamil Nadu, India"
220,"Panchayat union primary school, East Facing , Uthiramerur - 603406",East,"Panchayat union primary school, East Facing , Uthiramerur - 603406, Uthiramerur, Kanchipuram, Tamil Nadu, India"
221,"Panchayat Union Middle School, North Side, West Facing, Sadukkam, Uthiramerur - 603406",North,"Panchayat Union Middle School, North Side, West Facing, Sadukkam, Uthiramerur - 603406, Uthiramerur, Kanchipuram, Tamil Nadu, India"
222,"Panchayat Union Middle School, South Side, West Facing, Sadukkam, Uthiramerur - 603406",South,"Panchayat Union Middle School, South Side, West Facing, Sadukkam, Uthiramerur - 603406, Uthiramerur, Kanchipuram, Tamil Nadu, India"
223,"Panchayat union primary school,Kakkanallur West Facing",Kakkanallur,"Panchayat union primary school,Kakkanallur West Facing, Uthiramerur, Kanchipuram, Tamil Nadu, India"
224,"Panchayat Union Piyars mathiri Middle school, North Side West Facing , Chinnanarasam pettai - 603406",North,"Panchayat Union Piyars mathiri Middle school, North Side West Facing , Chinnanarasam pettai - 603406, Uthiramerur, Kanchipuram, Tamil Nadu, India"
225,"Panchayat Union Piyars mathiri Middle school , South Side West Facing , Chinnanarasam pettai - 603406",South,"Panchayat Union Piyars mathiri Middle school , South Side West Facing , Chinnanarasam pettai - 603406, Uthiramerur, Kanchipuram, Tamil Nadu, India"
226,"Panchayat Union Piyars mathiri Middle school , West Facing, Chinnanarasam pettai - 603406",West,"Panchayat Union Piyars mathiri Middle school , West Facing, Chinnanarasam pettai - 603406, Uthiramerur, Kanchipuram, Tamil Nadu, India"
227,"Government girls Higher secondary school,Uthiramerur South Facing",Uthiramerur,"Government girls Higher secondary school,Uthiramerur South Facing, Uthiramerur, Kanchipuram, Tamil Nadu, India"
228,"Government Girls Higher Secondary School, west side North Facing , Uthiramerur - 603406",west,"Government Girls Higher Secondary School, west side North Facing , Uthiramerur - 603406, Uthiramerur, Kanchipuram, Tamil Nadu, India"
229,"Government Girls Higher Secondary School , East side North Facing , Uthiramerur - 603406",East,"Government Girls Higher Secondary School , East side North Facing , Uthiramerur - 603406, Uthiramerur, Kanchipuram, Tamil Nadu, India"
230,"Government Boys Higher secondary school , West Side South Facing , Uthiramerur - 603406",West,"Government Boys Higher secondary school , West Side South Facing , Uthiramerur - 603406, Uthiramerur, Kanchipuram, Tamil Nadu, India"
231,"Government Boys Higher secondary school , East Side South Facing , Uthiramerur - 603406",East,"Government Boys Higher secondary school , East Side South Facing , Uthiramerur - 603406, Uthiramerur, Kanchipuram, Tamil Nadu, India"
232,"Panchayat Union Primary school, South Facing, Vadanallur - 603406",South,"Panchayat Union Primary school, South Facing, Vadanallur - 603406, Uthiramerur, Kanchipuram, Tamil Nadu, India"
233,"Panchayat Union Middle school, East side South facing, Vadanallur - 603406",East,"Panchayat Union Middle school, East side South facing, Vadanallur - 603406, Uthiramerur, Kanchipuram, Tamil Nadu, India"
234,"Panchayat union primary school, West side South Facing, Vadanallur - 603406",West,"Panchayat union primary school, West side South Facing, Vadanallur - 603406, Uthiramerur, Kanchipuram, Tamil Nadu, India"
235,"Panchayat Union Primary school,Kadalmangalam North Facing",Kadalmangalam,"Panchayat Union Primary school,Kadalmangalam North Facing, Uthiramerur, Kanchipuram, Tamil Nadu, India"
236,"Panchayat union primary school, East Side, North Facing, Marthuvampadi - 631603",East,"Panchayat union primary school, East Side, North Facing, Marthuvampadi - 631603, Uthiramerur, Kanchipuram, Tamil Nadu, India"
237,"Panchayat union primary school, West Side, North Facing, Marthuvampadi - 631603",West,"Panchayat union primary school, West Side, North Facing, Marthuvampadi - 631603, Uthiramerur, Kanchipuram, Tamil Nadu, India"
238,"Panchayat Union Primary school,Thirupulivanam East Facing",Thirupulivanam,"Panchayat Union Primary school,Thirupulivanam East Facing, Uthiramerur, Kanchipuram, Tamil Nadu, India"
239,"Panchayat Union Primary school,Thirupulivanam West Facing",Thirupulivanam,"Panchayat Union Primary school,Thirupulivanam West Facing, Uthiramerur, Kanchipuram, Tamil Nadu, India"
240,"Panchayat Union Middle School,Marutham South Facing",Marutham,"Panchayat Union Middle School,Marutham South Facing, Uthiramerur, Kanchipuram, Tamil Nadu, India"
241,"Panchayat Union Middle School,Marutham East Facing",Marutham,"Panchayat Union Middle School,Marutham East Facing, Uthiramerur, Kanchipuram, Tamil Nadu, India"
242,"Panchayat Union Middle School, North Side, West Facing, Malayankulam - 603106",North,"Panchayat Union Middle School, North Side, West Facing, Malayankulam - 603106, Uthiramerur, Kanchipuram, Tamil Nadu, India"
243,"Panchayat Union Middle School, South Side, West Facing, Malayankulam - 603106",South,"Panchayat Union Middle School, South Side, West Facing, Malayankulam - 603106, Uthiramerur, Kanchipuram, Tamil Nadu, India"
244,"Panchayat Union Primary School,Puthali East Facing",Puthali,"Panchayat Union Primary School,Puthali East Facing, Uthiramerur, Kanchipuram, Tamil Nadu, India"
245,"Panchayat union primary school,Kavampayir North Facing",Kavampayir,"Panchayat union primary school,Kavampayir North Facing, Uthiramerur, Kanchipuram, Tamil Nadu, India"
246,"Panchayat union primary school,Neiyadupakkam West Facing",Neiyadupakkam,"Panchayat union primary school,Neiyadupakkam West Facing, Uthiramerur, Kanchipuram, Tamil Nadu, India"
247,"Panchayat Union Middle School,Vayalakkavur North Facing",Vayalakkavur,"Panchayat Union Middle School,Vayalakkavur North Facing, Uthiramerur, Kanchipuram, Tamil Nadu, India"
248,"Panchayat union primary school, East Facing, Pullambakkam - 631603",East,"Panchayat union primary school, East Facing, Pullambakkam - 631603, Uthiramerur, Kanchipuram, Tamil Nadu, India"
249,"Panchayat Union Primary school, West Side, South Facing, Thirumukkudal - 603106",West,"Panchayat Union Primary school, West Side, South Facing, Thirumukkudal - 603106, Uthiramerur, Kanchipuram, Tamil Nadu, India"
250,"Panchayat Union Primary school, East Side, South Facing, Thirumukkudal - 603106",East,"Panchayat Union Primary school, East Side, South Facing, Thirumukkudal - 603106, Uthiramerur, Kanchipuram, Tamil Nadu, India"
251,"Panchayat union primary school, South Facing, MADUR - 603606",South,"Panchayat union primary school, South Facing, MADUR - 603606, Uthiramerur, Kanchipuram, Tamil Nadu, India"
252,"Panchayat union primary school,Pazhaveri West Facing",Pazhaveri,"Panchayat union primary school,Pazhaveri West Facing, Uthiramerur, Kanchipuram, Tamil Nadu, India"
253,"Panchayat Union Primary school, South Facing, Arungundram - 603106",South,"Panchayat Union Primary school, South Facing, Arungundram - 603106, Uthiramerur, Kanchipuram, Tamil Nadu, India"
254,"Panchayat Union Middle School,Pinayur North Facing",Pinayur,"Panchayat Union Middle School,Pinayur North Facing, Uthiramerur, Kanchipuram, Tamil Nadu, India"
255,"Panchayat union primary school,Seethanancheri East Facing",Seethanancheri,"Panchayat union primary school,Seethanancheri East Facing, Uthiramerur, Kanchipuram, Tamil Nadu, India"
256,"Panchayat Union Middle School,Sathanancheri North Facing",Sathanancheri,"Panchayat Union Middle School,Sathanancheri North Facing, Uthiramerur, Kanchipuram, Tamil Nadu, India"
257,"Panchayat Union Middle School,Sathanancheri West Facing",Sathanancheri,"Panchayat Union Middle School,Sathanancheri West Facing, Uthiramerur, Kanchipuram, Tamil Nadu, India"
258,"Panchayat union primary school, North Side, East Facing, Arumbuliyur - 603106",North,"Panchayat union primary school, North Side, East Facing, Arumbuliyur - 603106, Uthiramerur, Kanchipuram, Tamil Nadu, India"
259,"Panchayat union primary school, South Side, East Facing, Arumbuliyur - 603106",South,"Panchayat union primary school, South Side, East Facing, Arumbuliyur - 603106, Uthiramerur, Kanchipuram, Tamil Nadu, India"
260,"Panchayat union primary school,Kaliyapet West Facing",Kaliyapet,"Panchayat union primary school,Kaliyapet West Facing, Uthiramerur, Kanchipuram, Tamil Nadu, India"
261,"Panchayat union primary school,Kaliyapet East Facing",Kaliyapet,"Panchayat union primary school,Kaliyapet East Facing, Uthiramerur, Kanchipuram, Tamil Nadu, India"
262,"Govt. Hr.Sec.School,Orakkatupet East Facing",Orakkatupet,"Govt. Hr.Sec.School,Orakkatupet East Facing, Uthiramerur, Kanchipuram, Tamil Nadu, India"
263,"Govt. Hr.Sec.School, North side East Facing, Orakkattupettai - 603106",North,"Govt. Hr.Sec.School, North side East Facing, Orakkattupettai - 603106, Uthiramerur, Kanchipuram, Tamil Nadu, India"
264,"Govt. Hr.Sec.School, South side East Facing, Orakkattupettai - 603106",South,"Govt. Hr.Sec.School, South side East Facing, Orakkattupettai - 603106, Uthiramerur, Kanchipuram, Tamil Nadu, India"
265,"Panchayat Union Primary school, West Side, North Facing, Thiruvanaikoil - 603106",West,"Panchayat Union Primary school, West Side, North Facing, Thiruvanaikoil - 603106, Uthiramerur, Kanchipuram, Tamil Nadu, India"
266,"Panchayat Union Primary school, East Side, North Facing, Thiruvanaikoil -603106",East,"Panchayat Union Primary school, East Side, North Facing, Thiruvanaikoil -603106, Uthiramerur, Kanchipuram, Tamil Nadu, India"
267,"Panchayat union primary school,Thandarai South Facing",Thandarai,"Panchayat union primary school,Thandarai South Facing, Uthiramerur, Kanchipuram, Tamil Nadu, India"
268,"Panchayat union primary school,Porpanthal East Facing",Porpanthal,"Panchayat union primary school,Porpanthal East Facing, Uthiramerur, Kanchipuram, Tamil Nadu, India"
269,"Panchayat Union Elementary School,,Chithanakaavoor East Facing",Chithanakaavoor,"Panchayat Union Elementary School,,Chithanakaavoor East Facing, Uthiramerur, Kanchipuram, Tamil Nadu, India"
270,"Sarvaseva Middle school,,Karumbakkam East Facing",Karumbakkam,"Sarvaseva Middle school,,Karumbakkam East Facing, Uthiramerur, Kanchipuram, Tamil Nadu, India"
271,"Panchayat union primary school,Kavanipakkam south Facing",Kavanipakkam,"Panchayat union primary school,Kavanipakkam south Facing, Uthiramerur, Kanchipuram, Tamil Nadu, India"
272,"Panchayat Union Elementary School,,Peranakkavoor North Facing",Peranakkavoor,"Panchayat Union Elementary School,,Peranakkavoor North Facing, Uthiramerur, Kanchipuram, Tamil Nadu, India"
273,"Panchayat union primary school, New building South Facing, Padur - 631606",New,"Panchayat union primary school, New building South Facing, Padur - 631606, Uthiramerur, Kanchipuram, Tamil Nadu, India"
274,"Panchayat union primary school, New building South Facing, Kattankulam (Amaravathipattinam) - 631606",New,"Panchayat union primary school, New building South Facing, Kattankulam (Amaravathipattinam) - 631606, Uthiramerur, Kanchipuram, Tamil Nadu, India"
275,"Village Service Centre Panchayat union primary school Campus , West Side, North Facing, Sirumailur - 603106",West,"Village Service Centre Panchayat union primary school Campus , West Side, North Facing, Sirumailur - 603106, Uthiramerur, Kanchipuram, Tamil Nadu, India"
276,"Village Service Centre Panchayat union primary school Campus East Side, North Facing, Sirumailur - 603106",North,"Village Service Centre Panchayat union primary school Campus East Side, North Facing, Sirumailur - 603106, Uthiramerur, Kanchipuram, Tamil Nadu, India"
277,"Panchayat Union Middle School, West Side, South Facing, Edamichi - 603106",West,"Panchayat Union Middle School, West Side, South Facing, Edamichi - 603106, Uthiramerur, Kanchipuram, Tamil Nadu, India"
278,"Panchayat Union Middle School, East Side, South Facing, Edamichi - 603106",East,"Panchayat Union Middle School, East Side, South Facing, Edamichi - 603106, Uthiramerur, Kanchipuram, Tamil Nadu, India"
279,"Panchayat Union Primary school, South Facing East side New building, Siruthamur - 603307",South,"Panchayat Union Primary school, South Facing East side New building, Siruthamur - 603307, Uthiramerur, Kanchipuram, Tamil Nadu, India"
280,"Panchayat Union Primary school, South Facing, Anambakkam - 603106",South,"Panchayat Union Primary school, South Facing, Anambakkam - 603106, Uthiramerur, Kanchipuram, Tamil Nadu, India"
281,"Panchayat Union Primary school, North Facing, Anambakkam - 603106",North,"Panchayat Union Primary school, North Facing, Anambakkam - 603106, Uthiramerur, Kanchipuram, Tamil Nadu, India"
282,"Panchayat Union Primary school, South Facing 1 std Room, Anambakkam - 603107",South,"Panchayat Union Primary school, South Facing 1 std Room, Anambakkam - 603107, Uthiramerur, Kanchipuram, Tamil Nadu, India"
283,"Panchayat Union Primary school, East side South Facing, Paleswaram - 603107",East,"Panchayat Union Primary school, East side South Facing, Paleswaram - 603107, Uthiramerur, Kanchipuram, Tamil Nadu, India"
284,"Panchayat Union Middle School,Kunnavakkam South Facing",Kunnavakkam,"Panchayat Union Middle School,Kunnavakkam South Facing, Uthiramerur, Kanchipuram, Tamil Nadu, India"
285,"Village Panchyat Service Centre,Vadathavur ,South Facing",Vadathavur,"Village Panchyat Service Centre,Vadathavur ,South Facing, Uthiramerur, Kanchipuram, Tamil Nadu, India"
286,"Panchayat union primary school,Thotta Naval South Facing",Thotta,"Panchayat union primary school,Thotta Naval South Facing, Uthiramerur, Kanchipuram, Tamil Nadu, India"
287,"Panchayat Union Primary school, West Side, South Facing, Valathodu - 603107",West,"Panchayat Union Primary school, West Side, South Facing, Valathodu - 603107, Uthiramerur, Kanchipuram, Tamil Nadu, India"
288,"Panchayat Union Primary school, East Side, South Facing, Valathodu - 603107",East,"Panchayat Union Primary school, East Side, South Facing, Valathodu - 603107, Uthiramerur, Kanchipuram, Tamil Nadu, India"
289,"Government Adhidravidar Welfare School,Rettamangalam East Facing",Rettamangalam,"Government Adhidravidar Welfare School,Rettamangalam East Facing, Uthiramerur, Kanchipuram, Tamil Nadu, India"
290,"Panchayat Union Primary School,Edayampudur East Facing",Edayampudur,"Panchayat Union Primary School,Edayampudur East Facing, Uthiramerur, Kanchipuram, Tamil Nadu, India"
291,"Panchayat Union Elementary School,,Pulipakkam South Facing",Pulipakkam,"Panchayat Union Elementary School,,Pulipakkam South Facing, Uthiramerur, Kanchipuram, Tamil Nadu, India"
292,"Government Higher Secondary School, 10th Std, North Side, East Facing, Salavakkam - 603107",North,"Government Higher Secondary School, 10th Std, North Side, East Facing, Salavakkam - 603107, Uthiramerur, Kanchipuram, Tamil Nadu, India"
293,"Government Higher Secondary School, 10th Std, South Side, East Facing, Salavakkam - 603107",South,"Government Higher Secondary School, 10th Std, South Side, East Facing, Salavakkam - 603107, Uthiramerur, Kanchipuram, Tamil Nadu, India"
294,"Govt. Higher Secondary School, North Facing Room No:5, Salavakkam - 603107",North,"Govt. Higher Secondary School, North Facing Room No:5, Salavakkam - 603107, Uthiramerur, Kanchipuram, Tamil Nadu, India"
295,"Govt. Higher Secondary School, West Facing Room No:2, Salavakkam - 603107",West,"Govt. Higher Secondary School, West Facing Room No:2, Salavakkam - 603107, Uthiramerur, Kanchipuram, Tamil Nadu, India"
296,"Panchayat Union Middle School , West Facing North Wing , Ozhaiyur - 603107",West,"Panchayat Union Middle School , West Facing North Wing , Ozhaiyur - 603107, Uthiramerur, Kanchipuram, Tamil Nadu, India"
297,"Panchayat Union Middle School,Ozhaiyur West Facing",Ozhaiyur,"Panchayat Union Middle School,Ozhaiyur West Facing, Uthiramerur, Kanchipuram, Tamil Nadu, India"
298,"Panchayat Union Primary School,Annathur East Facing",Annathur,"Panchayat Union Primary School,Annathur East Facing, Uthiramerur, Kanchipuram, Tamil Nadu, India"
299,"Panchayat Union Elementary School,,S.Mambakkam North Facing",S,"Panchayat Union Elementary School,,S.Mambakkam North Facing, Uthiramerur, Kanchipuram, Tamil Nadu, India"
300,"Panchayat Union Primary school,Kilakkadi East Facing",Kilakkadi,"Panchayat Union Primary school,Kilakkadi East Facing, Uthiramerur, Kanchipuram, Tamil Nadu, India"
301,"Panchayat Union Primary School,Sirupinayur West Facing",Sirupinayur,"Panchayat Union Primary School,Sirupinayur West Facing, Uthiramerur, Kanchipuram, Tamil Nadu, India"
302,"Panchayat Union Middle School,Thiruvanthavar West Facing",Thiruvanthavar,"Panchayat Union Middle School,Thiruvanthavar West Facing, Uthiramerur, Kanchipuram, Tamil Nadu, India"
